tip hise,lokacija,agencija
Villa with pool  ,Mougins (06),ni podatka_o_agenciji
Villa with pool and terrace  ,Uzès (30),By Cigal&#39;immo
House with pool and terrace  ,Pornic (44),By Prestige Atlantique
House with pool and terrace  ,Uzès (30),By Styles
House with pool and garden  ,Uzès (30),By Uzes - Sotheby&#39;s International Realty
House with pool and garden  ,Bordeaux (33),By Agence Lafaye
House  ,Nimes (30),By Kretz &amp; Partners
House  ,Agde (34),By Kretz &amp; Partners
House  ,Castries (34),By Kretz &amp; Partners
House  ,Mauguio (34),By Kretz &amp; Partners
House  ,Gallargues-le-Montueux (30),By Kretz &amp; Partners
House with garden and terrace  ,Mommenheim (67),By L&#39;authentik Agency
House with garden and terrace  ,Bassens (73),By Lloyd &amp; Davis
Mas  ,Avignon (84),By Marie Miramant
House with garden and terrace  ,Meyrannes (30),By Leggett Immobilier Avignon
Villa with pool and garden  ,Canaules-et-Argentières (30),By Leggett Immobilier Avignon
House with garden  ,Benais (37),By Citya Immobilier Planchon
House with garden and terrace  ,Viens (84),By Leggett Immobilier Avignon
House  ,Grand Bourgtheroulde (27),By Terres Et Demeures De Normandie
Villa with pool and garden  ,Le Luc (83),By Leggett Immobilier Paca
House with garden and terrace  ,La garde (83),By Leggett Immobilier Paca
House with pool and terrace  ,Pezenas (34),By Agence Galerie Casanova
Villa with pool and garden  ,Azay-le-Rideau (37),By Agence Deletang
House with terrace  ,Thusy (74),By 3g Immo-consultant
House with pool and terrace  ,Cessenon-sur-Orb (34),By Sophie Bellier
House with pool and terrace  ,Thézan-lès-Béziers (34),By Sophie Bellier
House with garden  ,Le Boulou (66),By Custodian
House with pool and terrace  ,Meximieux (01),By Sixtine Immobilier
Villa  ,Capbreton (40),By Gabriel Art Immobilier Landes
Villa with pool and terrace  ,Vaison-la-Romaine (84),By Expertimo
House with garden  ,Montesson (78),By Junot Yvelines
House with garden and terrace  ,Narbonne (11),By Terres D&#39;oc Sotheby&#39;s International Realty
House  ,Septeuil (78),By Agence Duchesse Anne
House with terrace  ,Cesson-sevigne (35),By Safti
House with terrace  ,Uzès (30),By Styles
House with terrace  ,Uzès (30),By Styles
House with terrace  ,Uzès (30),By Styles
House with pool  ,Uzès (30),By Styles
House with pool and terrace  ,Uzès (30),By Styles
House with garden and terrace  ,Quimper (29),By Terre D’immo
House  ,Vallangoujard (95),By Loreto Immobilier
Villa with pool and garden  ,Saint-Germain-au-Mont-d'Or (69),By Novea Immobilier
House with pool and terrace  ,Deauville (14),By Terres Et Demeures De Normandie
House  ,Arcachon (33),By Amg Immo
House with pool and terrace  ,Thézan-lès-Béziers (34),By Sophie Bellier
House with terrace  ,Cazouls-lès-Béziers (34),By Sophie Bellier
House with garden  ,Ornans (25),By Espaces Atypiques Besançon - Doubs
House with pool and terrace  ,Le Teich (33),By Capifrance - Béatrice Lapegue
House with terrace  ,La Barben (13),By Optimhome - Pascal Chameroy
House  ,Brouilla (66),By Nestenn - Saint Génis Des Fontaines
House  ,Marseille 13<sup>th</sup> (13),By Espaces Atypiques Marseille Immobilier Contemporain
House with pool and terrace  ,Les Pennes-Mirabeau (13),By Espaces Atypiques Marseille Immobilier Contemporain
House with garden  ,Benais (37),By Citya Immobilier Planchon
House with garden and terrace  ,Viens (84),By Leggett Immobilier Avignon
House  ,Grand Bourgtheroulde (27),By Terres Et Demeures De Normandie
House with pool and terrace  ,Deauville (14),By Terres Et Demeures De Normandie
Villa with pool and garden  ,Le Luc (83),By Leggett Immobilier Paca
House with garden and terrace  ,La garde (83),By Leggett Immobilier Paca
House with pool and terrace  ,Pezenas (34),By Agence Galerie Casanova
Villa with pool and garden  ,Azay-le-Rideau (37),By Agence Deletang
House  ,Arcachon (33),By Amg Immo
House with terrace  ,Thusy (74),By 3g Immo-consultant
House with pool and terrace  ,Cessenon-sur-Orb (34),By Sophie Bellier
House with pool and terrace  ,Thézan-lès-Béziers (34),By Sophie Bellier
House with pool and terrace  ,Thézan-lès-Béziers (34),By Sophie Bellier
House with terrace  ,Cazouls-lès-Béziers (34),By Sophie Bellier
House with garden  ,Ornans (25),By Espaces Atypiques Besançon - Doubs
House with pool and terrace  ,Le Teich (33),By Capifrance - Béatrice Lapegue
House with terrace  ,La Barben (13),By Optimhome - Pascal Chameroy
House  ,Brouilla (66),By Nestenn - Saint Génis Des Fontaines
House  ,Marseille 13<sup>th</sup> (13),By Espaces Atypiques Marseille Immobilier Contemporain
House with pool and terrace  ,Les Pennes-Mirabeau (13),By Espaces Atypiques Marseille Immobilier Contemporain
House with terrace  ,La Chapelle-Longueville (27),By Efficity
House with pool and terrace  ,Izeaux (38),By Efficity
House with pool and terrace  ,Martigues (13),By Efficity
House with terrace  ,Morlaix (29),By Espaces Atypiques Finistère
Villa with pool  ,Saint-Maximin-la-Sainte-Baume (83),By Mon Office Immobilier
House with pool  ,Luynes (13),By Mon Office Immobilier
House with pool  ,Coudoux (13),By Mon Office Immobilier
House  ,Fumel (47),By Propriétés Privées
House with terrace  ,Bordeaux (33),By Propriétés Privées
House with pool  ,Montastruc-la-Conseillère (31),By Propriétés Privées
House with pool  ,Saubens (31),By Propriétés Privées
House  ,Yerres (91),By Propriétés Privées
House  ,Marseille 14<sup>th</sup> (13),By 1894 L&#39;immobilier
House with pool and terrace  ,Mazan (84),By Espaces Atypiques Avignon
House with terrace  ,Serquigny (27),By Orpi - Agence Bernay Immobilier
House  ,Mennecy (91),By L&#39;adresse Mennecy Centre
House with pool and terrace  ,Gordes (84),By Janssens Immobilier Knight Frank Bonnieux
House  ,Aix-en-Provence (13),By L&#39;agence D&#39;aix En Provence
House  ,Merignac (33),By Paul Parker Properties
House  ,Saint-Malo (35),By Agences De France
House  ,Villers-le-Lac (25),By Bersot Immobilier
House  ,Auxonne (21),By Bersot Immobilier
House  ,Mordelles (35),By Mon Partenaire Immobilier
House with terrace  ,Plan-d'Aups-Sainte-Baume (83),By Espaces Atypiques Toulon
House with pool and terrace  ,Vallet (44),By Espaces Atypiques Nantes
House  ,Géraudot (10),By Jean Jaures Immobilier
House with terrace  ,Sorgues (84),By Bastien Arfi Immobilier
House with pool  ,Merignac (33),By Cadre D&#39;envies
House  ,Benodet (29),By Mariette Immobilier Conciergerie
House with pool and terrace  ,Bonsecours (76),By Espaces Atypiques Rouen
House  ,Trémeur (22),By Espaces Atypiques Côtes-d&#39;armor
House with terrace  ,Fondettes (37),By Espaces Atypiques Tours
House  ,Amboise (37),By Agence Immobiliere Simon
House  ,Noves (13),By Accent Immobilier
House  ,Saintes (17),By Espaces Atypiques La Rochelle
House  ,Meschers-sur-Gironde (17),By Espaces Atypiques La Rochelle
House with terrace  ,La Rochelle (17),By Espaces Atypiques La Rochelle
House with pool and terrace  ,Ferrieres (17),By Espaces Atypiques La Rochelle
House with terrace  ,La Guerche-de-Bretagne (35),By Espaces Atypiques Rennes
House with terrace  ,Cuttoli-Corticchiato (2A),By Stella Patr&#39;immo
Farmhouse with pool  ,Lherm (31),By Orpi Les Carmes
House  ,Saint-Didier (84),By Côté Ventoux Immobilier
House with pool and terrace  ,La Rochette (73),By Espaces Atypiques Annecy
House  ,Plerin (22),By Plerin Immobilier
House  ,Perthes (77),By Reseau Immo-diffusion
Villa  ,Saint-jean-de-vedas (34),By Reseau Immo-diffusion
House  ,Bergerac (24),By Agence Eleonor Bergerac
House  ,Niort (79),By Espaces Atypiques Deux Sèvres
Villa with pool and terrace  ,Saint-raphael (83),By Canat &amp; Warton - Saint-raphaël
House with pool  ,Chaponost (69),By Espaces Atypiques Lyon Immobilier Contemporain
House  ,Ecully (69),By Espaces Atypiques Lyon Immobilier Contemporain
House  ,Le Bois-d'Oingt (69),By Espaces Atypiques Lyon Immobilier Contemporain
House  ,Vendome (41),By Agence Mellinger Immobilier
House  ,Vendome (41),By Agence Mellinger Immobilier
House with pool and terrace  ,Macon (71),By Capifrance - Karine Braillon
House with pool and terrace  ,Mercuer (07),By Marketplace Immobilier
House with pool and terrace  ,Meyras (07),By Marketplace Immobilier
House with pool and terrace  ,Saint-Gély-du-Fesc (34),By Maison Bo.sa
House with terrace  ,Meschers-sur-Gironde (17),By Maxwell-baynes La Rochelle - Christie&#39;s International Real Estate
Villa with pool  ,Les Arcs (83),By Reseau Swixim
